<resourcedescriptor>
    <name>huggingface</name>
    <type>huggingface</type>
    <alias>Hugging Face</alias>
    <parameters>
        <parametergroup name="general" c_Compox="sightx-tab" c_Alias="认证设置">
            <parametergroup name="connectionSettings">
                <parameter name="authType" c_Alias="认证方法"
                           c_Option="false"
                           c_Compox="sightx-hidden">OAUTH2
                </parameter>
                <parameter name="accessToken" c_Alias="访问token"
                           c_Option="true"
                           c_Compox="sightx-input"></parameter>
                <parameter name="accountName" c_Alias="用户名" c_Option="false"
                           c_Compox="sightx-hidden">
                </parameter>
                <parameter name="password" c_Alias="密码" c_Option="false"
                           c_Compox="sightx-hidden">
                </parameter>
                <parameter name="encrypt" c_Alias="密码是否加密"
                           c_Compox="sightx-hidden">false
                </parameter>
            </parametergroup>
        </parametergroup>
    </parameters>
    <compoxes>
    </compoxes>
</resourcedescriptor>