<resourcedescriptor>
    <name>elasticsearch</name>
    <type>elasticsearch</type>
    <alias>ElasticSearch</alias>
    <parameters>
        <parametergroup name="general" c_Compox="sightx-tab" c_Alias="认证设置">
            <parametergroup name="connectionSettings">
                <parameter name="authType" c_Alias="认证方法"
                           c_Option="false"
                           c_Compox="sightx-hidden">ACCOUNT
                </parameter>
                <parameter name="accountName" c_Alias="用户名" c_Option="true"
                           c_Compox="sightx-input">
                </parameter>
                <parameter name="password" c_Alias="密码"
                           c_Compox="sightx-password" c_Option="true"></parameter>
                <parameter name="encrypt" c_Alias="密码是否加密"
                           c_Compox="sightx-hidden">true
                </parameter>
            </parametergroup>
        </parametergroup>
    </parameters>
    <compoxes>
    </compoxes>
</resourcedescriptor>